Unique Key	Action	Proof(Optional)
2070BVKJ000372000000000372	Reject	7.96263E+13
2070GAWW005528000000005528	Accept	
2033IFS2010186000000010186	Reject	7.96263E+13
2214KY4W002929000000002929	Accept	
