"Unique Key	Action	Proof(Optional)"
"2070IZID001209000000001209	Reject	7.96263E+13"
"9070KS1W006920000000006920	Accept	"
"9070M2UX005585000000005585	Reject	7.96263E+13"
"9070J7GJ004297000000004297	Accept	"
"9070JDL9007775000000007775	Reject	7.96263E+13"
"9070JDL9007777000000007777	Accept	"
"9070IHEO012491000000012491	Reject	"
"9070GBHM003910000000003910	Reject	"
"9070GQ0K000622000000000622	Reject	7.96263E+13"
