Unique Key	Action	Proof(Optional)
2033Z0AF460932605557942955	Reject	7.96263E+13
2057ZPAC945826583935964093	Accept	
2057EFQY000282000000000282	Reject	7.96263E+13
2033Z0AF460932605557942955		
2033Z0AF460932605557942955	Rekt	
